{
  "hash": "06163410",
  "configHash": "b795f3af",
  "lockfileHash": "39b19f14",
  "browserHash": "7d9fa611",
  "optimized": {
    "@angular/common": {
      "src": "../../../../../node_modules/@angular/common/fesm2022/common.mjs",
      "file": "@angular_common.js",
      "fileHash": "80191547",
      "needsInterop": false
    },
    "@angular/common/http": {
      "src": "../../../../../node_modules/@angular/common/fesm2022/http.mjs",
      "file": "@angular_common_http.js",
      "fileHash": "ac3a7d73",
      "needsInterop": false
    },
    "@angular/core": {
      "src": "../../../../../node_modules/@angular/core/fesm2022/core.mjs",
      "file": "@angular_core.js",
      "fileHash": "509ce269",
      "needsInterop": false
    },
    "@angular/forms": {
      "src": "../../../../../node_modules/@angular/forms/fesm2022/forms.mjs",
      "file": "@angular_forms.js",
      "fileHash": "e1de5576",
      "needsInterop": false
    },
    "@angular/platform-browser": {
      "src": "../../../../../node_modules/@angular/platform-browser/fesm2022/platform-browser.mjs",
      "file": "@angular_platform-browser.js",
      "fileHash": "d657bd28",
      "needsInterop": false
    },
    "@angular/router": {
      "src": "../../../../../node_modules/@angular/router/fesm2022/router.mjs",
      "file": "@angular_router.js",
      "fileHash": "3a41bba1",
      "needsInterop": false
    }
  },
  "chunks": {
    "chunk-KH7M2W4E": {
      "file": "chunk-KH7M2W4E.js"
    },
    "chunk-OC7HTXUQ": {
      "file": "chunk-OC7HTXUQ.js"
    },
    "chunk-E4BO4DA5": {
      "file": "chunk-E4BO4DA5.js"
    },
    "chunk-ES3DN4VP": {
      "file": "chunk-ES3DN4VP.js"
    }
  }
}